job_id,title,industry,cluster
1,2027应届-船体结构审图工程师,装备制造,2
2,机械员实习生,装备制造,2
3,ENGEL上海技术培训生,装备制造,2
4,阀门管培生,装备制造,0
5,大学生,装备制造,1
6,大学生储备,装备制造,1
7,本科应届生,装备制造,4
8,大专应往届生可投（毕业三年内）,装备制造,4
9,机械设计机器人自动化类经理助理,装备制造,1
10,焊装设计助理工程师,装备制造,1
11,服务工程师（应届生）,商贸服务,2
12,机械设计工程师（应届生）,装备制造,0
13,招聘专员,商贸服务,1
14,前端开发,信息技术,3
15,数据开发,信息技术,3
16,IT高级项目经理,信息技术,1
17,管理培训生,装备制造,2
18,2026届管理培训生,装备制造,2
19,焊接工艺技术员,装备制造,1
20,机械产品工程师（接受应届）,装备制造,2
21,工业润滑技术销售培养生,装备制造,2
22,应届管培生,信息技术,2
23,机械管培生,装备制造,2
24,管理培训生（技术方向）,教育科研,2
25,管培生-2026届应届生,装备制造,2
26,销售工程师（应届生）,装备制造,2
27,机械工程师助理（应届/实习）,装备制造,2
28,实习生,装备制造,2
29,应届生,信息技术,0
30,一线储备干部/管培生,装备制造,0
31,机械工程师（助理）实习生 (MJ000268),装备制造,2
32,大学生优先,其他,1
33,应届毕业生-管培生,装备制造,2
34,车间管培生（上海）,装备制造,0
35,焊接工艺技术员（接受实习生）,装备制造,2
36,外派销售,装备制造,1
37,应届管培生,其他,2
38,应届生,装备制造,2
39,实习生(应届生)-机械设计,装备制造,2
40,机器人调试工程师-应届,装备制造,2
41,工艺设计人员（校招岗位）,商贸服务,2
42,机械设计实习生,装备制造,2
43,销售工程师（欢迎应届生加入）,装备制造,2
44,机械助理工程师（接受应届生）,装备制造,2
45,销售工程师（面向应届毕业生）,装备制造,2
46,应届生,装备制造,2
47,工艺助理工程师（27届毕业生）,装备制造,2
48,加工中心见习岗（26届应届生）,石油化工,2
49,本科优先+单间住宿+可线上面试+正式Offer,其他,4
50,纺织设备技术员,装备制造,1
51,外企新材料厂普工操作工CNC操作工,装备制造,1
52,管培生,装备制造,2
53,应届毕业生/技术助理,装备制造,2
54,销售工程师（应届毕业生）,装备制造,0
55,大学生优先 解决住宿 师傅带教,其他,2
56,报销车票+线上面试发offer+提供住宿,其他,2
57,制管学徒,装备制造,1
58,储备干部,装备制造,2
59,大学生优先+可线上面试+正式offer+单间住宿,其他,2
60,大学生优先底薪8k+线上面试+正式offer,其他,2
61,招聘专员（on-site),其他,1
62,HR Intern - Training & Development,装备制造,1
63,校园实习生,商贸服务,2
64,Human Resource Specialist,其他,1
65,HR经理（机器人行业）,其他,1
66,实习生（行政助理方向）,装备制造,2
67,零售训练生（全国开放）ID218757,商贸服务,1
68,招聘专员,装备制造,1
69,猎头/rpo招聘顾问,其他,1
70,机械制造业HRBP（招聘方向）,装备制造,1
71,HR Intern-Retail HRBP,商贸服务,2
72,应届生/实习生,其他,2
73,必胜客餐厅储备经理-上生新所-15340,商贸服务,2
74,27届校招-中国科学技术大学校园大使,石油化工,0
75,实习生（2027届）,装备制造,2
76,校园大使（华东理工大学）(J11038),石油化工,1
77,HR实习生（招聘）(J14145),其他,2
78,招聘助理,装备制造,1
79,rpo顾问-自招,商贸服务,1
80,HR Team Intern(office HRBP),商贸服务,2
81,招聘实习生,装备制造,0
82,HR实习生,装备制造,2
83,HR实习生(J10220),装备制造,2
84,现场服务工程师-美资外企,商贸服务,1
85,HR实习生,装备制造,2
86,HR Intern,商贸服务,1
87,HR实习生,装备制造,0
88,招聘实习生,信息技术,2
89,HRBP人力资源助理,商贸服务,1
90,就业指导专员,其他,1
91,HR实习生,信息技术,2
92,HR实习生（招聘方向）,其他,0
93,人事招聘实习生,信息技术,2
94,HR实习生,建筑地产,0
95,人力资源部门实习生,教育科研,2
96,招聘助理(J17286),信息技术,1
97,人事招聘实习生,建筑地产,0
98,实验室技术员 (有机合成）,石油化工,1
99,有机合成研究员,石油化工,1
100,人事实习生,石油化工,2
101,大学生助教,教育科研,1
102,行政实习生,装备制造,0
103,人力资源实习 27届(J11424),信息技术,2
104,实习生-业务服务中心,装备制造,2
105,人力资源实习生(J10911),建筑地产,2
106,人力资源实习生,金融,0
107,有机合成研究员（上海实验室）,石油化工,1
108,销售总监助理,建筑地产,1
109,(资深) 集装箱新船监造工程师,商贸服务,1
110,数控学徒/装配,装备制造,1
111,数控操机（实习生）,装备制造,2
112,数控操作工-可接受应届毕业生,装备制造,2
113,数控磨床调试实习生,装备制造,2
114,智造先锋营训练生（生产方向）,其他,1
115,见习学员,石油化工,0
116,总装车间装配工（学徒工或小工）,装备制造,1
117,设备安装调试学徒,装备制造,1
118,机械装配学徒,装备制造,1
119,自动化设备作业及维护,装备制造,1
120,设备操作员,装备制造,1
121,生产操作工,石油化工,1
122,生产管培生,信息技术,2
123,操作工,石油化工,1
124,生产实习生,其他,2
125,生产岗,石油化工,1
126,生产操作工,装备制造,1
127,生产操作工,商贸服务,1
128,生产车间管培生,其他,2
129,生产操作工\普工（储备干部）,装备制造,2
130,仓库管理员,商贸服务,1
131,机械实习生,装备制造,2
132,机械维修工,装备制造,1
133,必胜客餐厅储备经理-新邻生活广场-13148,商贸服务,2
134,实习生（机电相关专业）,石油化工,2
135,实习生-生产岗,石油化工,2
136,机械技师实习,装备制造,2
137,储备干部,其他,2
138,后备设备维修技工,装备制造,1
139,应届校招 提供住宿 线上面试 10k,其他,2
140,设备安装调试技术员,装备制造,1
141,销售工程师（上海）,装备制造,1
142,机械技术员,装备制造,1
143,人力资源部管培生,商贸服务,2
144,管培生,商贸服务,2
145,Management Trainee - 管理培训生,商贸服务,2
146,管培生,商贸服务,2
147,零售管培生,商贸服务,2
148,储备干部（数字化方向）,商贸服务,0
149,社招 管培生,商贸服务,0
150,集团管培生｜跨部门轮岗,商贸服务,2
151,市场管培生,其他,2
152,储备干部（营商方向）,商贸服务,0
153,时尚精英管培生-上海校招(J10734),其他,2
154,管培生（项目总培养方向）(J11291),商贸服务,2
155,本科优先 管培生 可线上面试发offer,其他,4
156,管培生MT,装备制造,2
157,综合管培生（27届校招专项计划）,装备制造,2
158,国企管培生（世界500强）,装备制造,2
159,经营管理管培生（27校招专项计划）,装备制造,0
160,管培生,商贸服务,2
161,管培生,商贸服务,0
162,HR管培生,装备制造,2
163,菁英计划 上海青岛啤酒销售有限公司,其他,1
164,ZARA 门店顾客体验管培生 上海,商贸服务,0
165,管培生,医疗健康,2
166,管理培训生,装备制造,2
167,项目管培生,建筑地产,2
168,人力资源岗（2026届校园招聘）,金融,2
169,外贸管培生（零经验培养，接受应届生）,商贸服务,2
170,管培生,商贸服务,2
171,ZARA 门店顾客体验管培生 南京,商贸服务,2
172,陆家嘴豪宅运营管理员3w本科优先,其他,4
173,储备生,商贸服务,1
174,管培生（采购、业务、产品）,医疗健康,2
175,管培生2027届,商贸服务,2
176,销售培训生（上海） (MJ011820),教育科研,2
177,门店管培生/无责8k/解决单间,其他,2
178,线上面试呢发offer本科优先,其他,4
179,零售管培生（九木杂物社）全国,商贸服务,2
180,青云计划定向管培生招聘,信息技术,0
181,储备干部,石油化工,2
182,销售管培生/储备店长/季度晋升,其他,2
183,营销管培生（上海）,其他,2
184,管培生（营运方向）,商贸服务,2
185,线上面试 大厂管培生  应届生优先,其他,2
186,本科优先/提供住宿/带薪培训,教育科研,4
187,管培生,装备制造,2
188,管培生（主播方向）,信息技术,2
189,益丰集团储备干部（质管方向）,商贸服务,2
190,青年公寓管家 大学生优先,其他,1
191,管培生（生产运营）,其他,2
192,管理培训生（销售方向）,教育科研,2
193,销售管培生,装备制造,2
194,马厂老火锅管培生,商贸服务,2
195,管理培训生/储备干部,教育科研,0
196,26/27届销售管培生,其他,2
197,储备干部本科优先接受小白,其他,4
198,管理培训生/储备干部,教育科研,2
199,企业管培生,商贸服务,2
200,总助/管培生,商贸服务,0
201,人力资源实习生 (MJ000117),其他,0
202,人事行政实习生,装备制造,0
203,人力资源实习生,建筑地产,0
204,人事行政助理（实习生也可）,建筑地产,2
205,人事（实习）,其他,0
206,行政人事实习生,装备制造,2
207,行政实习生,建筑地产,0
208,行政人事实习生,信息技术,2
209,HR 实习生,装备制造,2
210,招聘实习生-研发中台,信息技术,2
211,助理（实习）,商贸服务,2
212,行政实习生,装备制造,0
213,HR Intern 人事见习生,装备制造,2
214,市场部实习岗,其他,0
215,综合实习生,商贸服务,2
216,人力资源实习生,其他,2
217,行政助理实习生,信息技术,2
218,人事实习生,建筑地产,0
219,综管实习生（上海）,商贸服务,2
220,实习生,商贸服务,2
221,人事实习生（上海咪咕）,商贸服务,2
222,人事行政实习生,其他,2
223,实习生,其他,2
224,实习生,商贸服务,2
225,人事行政实习生,建筑地产,2
226,行政前台实习生,商贸服务,2
227,人事实习生,商贸服务,2
228,行政实习生,装备制造,2
229,实习生,其他,2
230,实习生（人事行政）,信息技术,2
231,实习生,商贸服务,2
232,零售部实习生,商贸服务,0
233,项目主管（实习生）（东方国际）,其他,2
234,实习生招聘——新媒体运营 & 内容创作方向,教育科研,2
235,实习生,商贸服务,2
236,人力资源部实习生,信息技术,2
237,27届校招-郑州大学校园大使,石油化工,2
238,外贸实习生,其他,0
239,人事行政实习生,信息技术,0
240,综合管理部实习生,金融,2
241,人力资源助理,装备制造,1
242,人事专员（接受应届生）,商贸服务,2
243,6K-8K  五险一金  HRBP-招聘专员,装备制造,1
244,招聘助理（外包）(J10163),信息技术,1
245,人事行政助理（全职或见习）,装备制造,2
246,外运物流-华东区域-管理培训生（2027届秋招）(J32742),商贸服务,0
247,物流&人力外包管培生,商贸服务,2
248,管理培训生,商贸服务,0
249,储备干部（平台好-面试后定岗）,石油化工,2
250,销售工程师（中文/哲学/历史/心理学等人文类专业）,装备制造,1
251,物流管培生（应届生）,商贸服务,2
252,本科优先录取 线上发offer 解决住宿,其他,4
253,储备主管,其他,1
254,财务/审计（管培生）,其他,0
255,人事行政助理,装备制造,1
256,本科优先+单间住宿+可线上面试正式Offer,其他,4
257,航线助理（校招应届）,商贸服务,2
258,物流企划专员（人才储备）,商贸服务,0
259,科优先+单间住宿+可线上面试+正式Offer,其他,1
260,应届毕业生,商贸服务,2
261,客户服务助理/在线客服（接受应届毕业生）,信息技术,2
262,招浙江，安徽应届业务员,商贸服务,2
263,部门助理/管理培训生（应届毕业生优先）工作地奉贤区,石油化工,2
264,客服专员/助理（应届生）,信息技术,2
265,本科优先线上面试,其他,4
266,销售专员-周末双休（应届生/实习生）,其他,2
267,生产储备生（校招）,其他,0
268,销售工程师（应届毕业生）,建筑地产,0
269,销售工程师（应届毕业生）,装备制造,0
270,系统操作员（劳务外包岗）,其他,1
271,国际物流助理,商贸服务,1
272,业务助理,其他,1
273,2027校招_工业管培生，上海,装备制造,2
274,Campus：培训生Trainee,装备制造,2
275,储备技术工程师,装备制造,1
276,生产助理（机械专业）,装备制造,1
277,科研助理（西安高校招聘）,商贸服务,2
278,研究生教育管理岗位招聘启事,教育科研,4
279,2027届大学生,信息技术,2
280,研究院助理,石油化工,1
281,制造工程师（优先应届）,信息技术,2
282,储备干部（研发、运营、销售、行政）,装备制造,2
283,管培生（生产管理方向）,装备制造,2
284,招聘专员-六险一金 外企,商贸服务,0
285,本科优先 单人宿舍 弹性自由,其他,4
286,项目助理（专家招募）往届应届皆可,其他,2
287,Talent Sourcing Specialist (应届生职位),装备制造,2
288,储备干部-总裁助理,装备制造,0
289,教务处助理,其他,1
290,校长助理,教育科研,1
291,"TA Specialist, China  (MJ000934)",建筑地产,1
292,储备干部（项目）,装备制造,2
293,储备干部,商贸服务,0
294,生产技术员（储备干部）,其他,2
295,储备干部,其他,2
296,招聘顾问 Consultant,其他,1
297,Staffing招聘顾问,商贸服务,1
298,留学咨询员（济南）,教育科研,1
299,管培生（销售方向）,装备制造,2
300,生产技术员(J24636),石油化工,1
301,工艺技术员(J10044),石油化工,1
302,药械实验室技术员,装备制造,1
303,实验技术员,商贸服务,1
304,现场技术服务工程师（应届生）,石油化工,2
305,化工技术员,装备制造,1
306,应用实验员(J10003),信息技术,1
307,化工实习生（化工+大专）,石油化工,4
308,粉体合成操作员,装备制造,1
309,研发技术岗,石油化工,1
310,生产操作工/生产技术员,建筑地产,1
311,化工操作员（化工专业）,石油化工,1
312,技术部助理,石油化工,1
313,实验室助理工程师,信息技术,1
314,中试线操作人员（非集团本部）,石油化工,1
315,生产技术助理,其他,1
316,工艺操作工,建筑地产,1
317,化工技术操作,石油化工,1
318,研发技术员(J10240),石油化工,1
319,生产操作员,石油化工,1
320,化工操作工,石油化工,1
321,生产技术员（离心方向）,其他,1
322,产线技术员,信息技术,1
323,化学操作工,石油化工,1
324,硫酸回收/甲基丙烯酸甲酯装置跨岗位外操,石油化工,1
325,技术员,装备制造,1
326,CMP车间操作员,石油化工,1
327,沃特世见习计划-售后技术服务工程师方向,商贸服务,2
328,改性操作工,信息技术,1
329,生产技术员,石油化工,1
330,技术工艺工程师,装备制造,1
331,生产操作工,石油化工,1
332,生产操作工 （化工制造业）,装备制造,1
333,生产助理工程师（上海南化）(J12628),建筑地产,1
334,光刻工艺技术员/操作员,石油化工,1
335,化工操作员,石油化工,1
336,DCS操作员,石油化工,1
337,生产技工,建筑地产,1
338,工艺员,装备制造,1
339,生产技术员,其他,1
340,实验室检测助理（应届毕业生）,其他,2
341,生产助理（设备工程师方向）,装备制造,1
342,生产操作工,石油化工,1
343,蒸镀工艺实验员,信息技术,1
344,工艺技术员,信息技术,1
345,生产操作工,装备制造,1
346,检验员,其他,1
347,刻蚀助理工程师(J10051),信息技术,1
348,生产副操,石油化工,1
349,薄膜助理工程师(J10053),信息技术,1
350,生产技术员,其他,1
351,生产技术员,其他,1
352,实验室助理（需要轮夜班）,信息技术,1
353,工艺工程师 / 工艺工程师助理,装备制造,1
354,cmp onsite-助理技服工程师(J10044),信息技术,1
355,化工装置操作工 （外包岗位）,石油化工,1
356,DCS操作员-上海金山(V2124),石油化工,1
357,中试线操作工,石油化工,1
358,非标系统实习生,装备制造,0
359,技术支持工程师（上海）,装备制造,1
360,机器人运维工程师,信息技术,3
361,运维岗/应用工程师,信息技术,3
362,自动化应届生,信息技术,2
363,技术支持工程师,信息技术,1
364,实习生（应届毕业生）,信息技术,2
365,项目应用支持工程师（可应届生）,装备制造,3
366,（大飞机）软件工程师（应届）,信息技术,2
367,（民机）系统工程师（应届）,信息技术,2
368,fae技术支持工程师,信息技术,1
369,技术工程师（成都）,信息技术,3
370,技术支持工程师,装备制造,1
371,Helpdesk技术支持客服（实习岗）,信息技术,2
372,2025应届生,信息技术,2
373,管培生（信息化）,其他,3
374,自动化软件类管培生-运动控制方向（工作地点 珠海）,信息技术,2
375,软件调试工程师,信息技术,1
376,软件测试实习生,信息技术,2
377,现场实施工程师,装备制造,1
378,项目工程师（售后技术支持）,信息技术,3
379,IT技术支持工程师（招应届生）,信息技术,2
380,日系系统运维工程师,信息技术,3
381,助理机器视觉工程师,装备制造,3
382,IT Helpdesk技术支持工程师（面向企业客户）,信息技术,0
383,维护工程师,信息技术,1
384,系统维护工程师,装备制造,1
385,CIM工程师（2026届）,信息技术,2
386,测试实习生,装备制造,3
387,视觉开发工程师（管培生）,信息技术,3
388,信息软件工程师（自动化设备）,信息技术,1
389,IT运维工程师,信息技术,3
390,运维工程师,信息技术,3
391,初级网络工程师,信息技术,3
392,智能体搭建助手,信息技术,3
393,运维工程师储备,信息技术,3
394,实施顾问（金融保险方向）(J10031),信息技术,3
395,软件实施工程师,信息技术,1
396,软件工程师（应届）,信息技术,2
397,技术支持工程师(TLD04I12),信息技术,3
398,实施工程师,信息技术,1
399,IT实习生,信息技术,2
400,软件运维/实施工程师,信息技术,3
401,服务器运维工程师,商贸服务,3
402,信息化工程师（2027届）,信息技术,2
403,系统运维工程师,金融,3
404,硬件调试员,信息技术,1
405,软件系统服务工程师,信息技术,3
406,助理服务工程师,装备制造,1
407,设备维护工程师（带薪培训）,装备制造,1
408,现场工程师（轴承机械业FAE）,装备制造,1
409,机械点检,装备制造,1
410,轴承技术员,装备制造,1
411,技术工程师,装备制造,1
412,轴承技术员（上海）,装备制造,1
413,技术机械工程师,装备制造,1
414,应届生（机电一体化专业）,其他,2
415,压缩机检测助理工程师,建筑地产,1
416,机电一体化应届生,信息技术,2
417,现场工程师—机械类毕业三年内,装备制造,1
418,Apprentice Mechanics/学徒机械员,装备制造,1
419,机械工程师-输送设备,装备制造,1
420,设备工程师助理,装备制造,1
421,机械工程师,装备制造,1
422,维修钳工,装备制造,1
423,机床装配工程师（毕业生）,装备制造,0
424,轴承技术员,商贸服务,1
425,机械设备调试（纯机械）,装备制造,1
426,维修技术人员,装备制造,1
427,机械工程师,信息技术,1
428,机械设备工程师,装备制造,1
429,技术部实习生,信息技术,2
430,机械钳工、生产，安装，调试,装备制造,1
431,工艺员（生产储备）,其他,1
432,机械工程师,装备制造,1
433,机械工程师,装备制造,1
434,初级机械工程师（二维/三维）,装备制造,1
435,机械设计工程师,装备制造,1
436,机械工程师,装备制造,1
437,技术销售工程师,装备制造,1
438,机械工程师 海隆管道工程技术服务有限公司,装备制造,1
439,技能人员储备,其他,1
440,技术销售工程师,装备制造,1
441,机械工程师,装备制造,1
442,技术员,装备制造,1
443,机械制图,装备制造,1
444,机械结构工程师,信息技术,1
445,营业担当--沈阳/大连/长春/哈尔滨,商贸服务,0
446,设备操作工/检修工,装备制造,1
447,中国龙工,商贸服务,1
448,安全工器具操作岗,其他,1
449,设备智能制造运维 接收无经验,装备制造,2
450,加氢员,石油化工,0
451,机器人维保运维工（初级）,其他,1
452,安装维修钳工,建筑地产,1
453,检验员-2027届实习生,装备制造,2
454,仓库管理员(工具管理）,装备制造,1
455,机器人焊接操作工,装备制造,1
456,安装技工,装备制造,1
457,CAD助理,其他,1
458,会点电脑就行/ 接受小白,信息技术,1
459,会计助理(J12342),建筑地产,1
460,财务实习生,信息技术,2
461,众鑫优才,金融,1
462,cad制图,信息技术,3
463,真空机械工程师（实习）,信息技术,0
464,27届本科实习岗-文职,信息技术,4
465,HR系统档案管理支持实习生,装备制造,2
466,入职盖实习三方-线上面试,其他,2
467,机械制图员,信息技术,1
468,机械点检实习生,装备制造,2
469,短期见习生包餐,装备制造,2
470,助理机械生产工程师（可留用）,装备制造,1
471,财务实习生,商贸服务,2
472,财务实习生,商贸服务,2
473,工程管理岗（实习生）,商贸服务,2
474,财务实习生,信息技术,2
475,财务实习生（2028年毕业优先） ID216000,金融,2
476,财务实习生,商贸服务,2
477,货代业务员（可收应届生）（上海）,商贸服务,2
478,业务助理+仓库管理,信息技术,0
479,仓库管理,其他,1
480,零件收发内务（国际）,装备制造,0
481,玛氏休闲食品-岗位操作员-松江工厂 (R160933),其他,1
482,仓库管理员（需帮忙装卸）,其他,1
483,仓管员,装备制造,1
484,仓库管理员（需协助装卸分拣）,商贸服务,1
485,仓库管理员,装备制造,1
486,仓库管理员,商贸服务,1
487,仓储理货员,商贸服务,1
488,仓库管理员,信息技术,0
489,仓库管理员,其他,1
490,仓库管理员,其他,1
491,仓库管理员,装备制造,1
492,仓储物流单证,商贸服务,1
493,仓库管理员,商贸服务,1
494,标签打印员,石油化工,1
495,仓储物流专员,信息技术,2
496,仓储文员/助理（在校生）,其他,1
497,仓库管理/柜台营业员,商贸服务,1
498,仓库管理员,装备制造,1
499,仓库保管员,装备制造,1
500,仓库管理员,商贸服务,1
501,仓储管理员,装备制造,1
502,仓管员,商贸服务,1
503,物料管理员,信息技术,1
504,收货员,商贸服务,1
505,周末双休   无责5000,其他,1
506,仓库管理员,商贸服务,1
507,张江盛夏路仓管长白班+加班少+五险一金,商贸服务,1
508,java开发工程师,装备制造,3
509,康桥物流聘仓管员五险一金,商贸服务,1
510,Java后端实习生,信息技术,3
511,java开发工程师,信息技术,3
512,生产管理-应届生岗,信息技术,2
513,伊利2027届校招-销售培训生（液态奶浙沪）,教育科研,0
514,JAVA后端研发工程师(J14653),信息技术,3
515,财务实习生（可转正）,商贸服务,0
516,JAVA后端开发工程师(J14650),信息技术,3
517,做四休二操作工工作轻松月7k,装备制造,1
518,财务实习生,装备制造,2
519,会计,其他,1
520,上市龙头企业-操作机台岗,商贸服务,1
521,LabVIEW工程师(上海),装备制造,1
522,财务会计实习生,石油化工,2
523,可线上面试  应届生优先  提供住宿,其他,2
524,财务实习生（可转正）,石油化工,2
525,代账会计（近控江路）,其他,1
526,财务会计,建筑地产,1
527,财务行政助理,建筑地产,1
528,财务助理（行政岗）,装备制造,1
529,财务专员,商贸服务,1
530,财务担当-[402117],其他,1
531,Junior Accountant,石油化工,1
532,财务专员,商贸服务,1
533,财务专员（2026届毕业生）,其他,0
534,财务专员,商贸服务,1
535,财务会计,信息技术,1
536,财务会计（制造业）,装备制造,1
537,中智劳务派遣-企划部会计处-经费会计科,金融,1
538,财务会计,装备制造,0
539,Accounts Executive,商贸服务,1
540,财务管培生,装备制造,2
541,财务控制管培生,装备制造,2
542,财务人员,装备制造,1
543,财务助理,其他,1
544,财务助理,装备制造,1
545,财务部管理培训生（FMP）,教育科研,0
546,沟通财务,商贸服务,1
547,财务专员,其他,1
548,财务储备生（校招）,其他,2
549,Cashier,其他,1
550,Junior Accountant,石油化工,1
551,财务控制中心会计,商贸服务,1
552,财务专员,金融,1
553,总账会计/助理,其他,1
554,财务管培生,建筑地产,0
555,外运物流-国际供应链-财务管理(J33883),商贸服务,1
556,全职会计/财务,信息技术,1
557,人事财务专员,信息技术,1
558,沟通会计,商贸服务,1
559,财务运营专员(J11213),商贸服务,1
560,财务专员,商贸服务,1
561,财务专员,装备制造,1
562,储备干部(财务会计部）,装备制造,2
563,上海会计,装备制造,1
564,财务助理（part time）,装备制造,1
565,Accountant-Finance,其他,1
566,会计,其他,1
567,财务专员,其他,1
568,财务助理,装备制造,1
569,财务会计-上市药企,建筑地产,1
570,财务会计,装备制造,1
571,会计助理（乙方）,其他,1
572,26915U-财务经理（培养）,金融,2
573,初级会计/会计助理,商贸服务,1
574,会计专员,装备制造,1
575,财务助理/财务bp,商贸服务,1
576,财务助理,信息技术,1
577,财务BP,其他,1
578,Associate会计服务专员 - 税务方向,商贸服务,0
579,财务专员,建筑地产,1
580,财务顾问,商贸服务,1
581,财务专员,装备制造,1
582,财务助理,金融,0
583,代理记账会计,信息技术,1
584,销售工程师,建筑地产,0
585,销售工程师,装备制造,1
586,机械销售工程师,装备制造,1
587,机械销售工程师（招应届生）,装备制造,0
588,销售工程师,商贸服务,1
589,空压机销售工程师,装备制造,1
590,销售工程师,装备制造,1
591,销售工程师,建筑地产,1
592,销售工程师（液压相关）,石油化工,1
593,销售工程师,装备制造,1
594,技术销售工程师,装备制造,1
595,销售工程师（同步带）,装备制造,1
596,销售工程师,装备制造,1
597,机械销售工程师,装备制造,1
598,销售专员（可晋升管理）,装备制造,2
599,销售工程师,商贸服务,1
600,销售工程师/区域销售工程师,装备制造,1
601,机械销售工程师,装备制造,1
602,销售工程师,装备制造,0
603,销售工程师,装备制造,1
604,设备销售工程师,装备制造,1
605,销售代表—工业用户,装备制造,1
606,汽车销售顾问（应届生/实习生）,装备制造,2
607,销售工程师（应届生）,装备制造,2
608,造船厂销售工程师,装备制造,0
609,销售工程师,装备制造,1
610,机械销售工程师,装备制造,0
611,轴承销售/销售代表/大客户销售,商贸服务,1
612,空压机大客户销售,装备制造,1
613,机械销售工程师,装备制造,1
614,销售工程师（国内市场）,装备制造,1
615,销售工程师,装备制造,0
616,销售工程师,装备制造,1
617,销售工程师,装备制造,0
618,销售工程师,装备制造,1
619,区域销售工程师,装备制造,1
620,销售工程师,装备制造,1
621,销售工程师（初级）,装备制造,0
622,销售（应届生）,信息技术,0
623,销售工程师,装备制造,0
624,销售工程师,装备制造,1
625,销售工程师,装备制造,0
626,销售工程师,装备制造,1
627,销售工程师,装备制造,1
628,客户专员（技术向）-有外勤和出差,装备制造,1
629,销售工程师,装备制造,1
630,技术销售工程师,石油化工,0
631,销售专员（机械类）,装备制造,1
632,销售工程师  工业管接件,装备制造,1
633,销售工程师,装备制造,1
634,销售工程师,装备制造,1
635,销售工程师,建筑地产,1
636,化工操作工,石油化工,1
637,聚烯烃操作工,石油化工,1
638,化工操作工,石油化工,1
639,化工操作工,石油化工,1
640,化工操作工,石油化工,1
641,化工操作工,石油化工,1
642,化工操作,石油化工,1
643,化工操作工,石油化工,1
644,生产操作工,石油化工,1
645,生产操作工,石油化工,1
646,操作工（大宗气）,装备制造,1
647,化工生产操作工,石油化工,1
648,化工操作工,石油化工,1
649,化工操作工,石油化工,1
650,化工操作工,石油化工,1
651,化工操作工-外操,石油化工,1
652,操作工,石油化工,1
653,化学操作工,石油化工,1
654,DCS操作工,石油化工,1
655,化工工艺操作员,石油化工,1
656,操作工（精细化工）,石油化工,1
657,化工操作工,石油化工,1
658,化工操作工,石油化工,1
659,普工操作工,信息技术,1
660,DCS操作员,石油化工,1
662,化工操作工,石油化工,1
663,操作工,石油化工,1
664,化工操作工,石油化工,1
665,化工操作工,石油化工,1
666,储运操作岗,商贸服务,1
667,生产培训生-2026年应届,石油化工,2
668,化工操作工-内操,石油化工,1
670,后备干部,石油化工,1
671,操作工(奉贤),石油化工,1
672,反应岗及废水单元操作人员,石油化工,1
673,精馏操作工,石油化工,1
674,车间操作工,石油化工,1
675,化工工艺员/技术员,石油化工,1
676,DCS操作工,石油化工,1
677,整箱操作,商贸服务,1
678,Technical Sales Manager (Propulsion),装备制造,1
679,船舶技术工程师,装备制造,1
680,船用服务工程师,装备制造,1
681,船舶设计工程师,装备制造,1
682,船舶售后服务工程师,装备制造,1
683,售后服务工程师/船舶工程师,装备制造,1
684,Commissioning Engineer船舶设备调试工程师,装备制造,1
685,船舶无损检测工程师,装备制造,1
686,船舶配载,装备制造,1
687,环保装备事业部-调试工程师,装备制造,1
688,船用设备技术工程师,装备制造,1
689,船舶通讯导航设备工程师,装备制造,1
690,船舶通讯设备服务工程师（上海）,装备制造,1
691,船舶双燃料FGSS调试工程师,装备制造,1
692,船舶检验工程师,装备制造,1
693,审图实习生,装备制造,2
694,船舶压载水处理系统调试工程师,装备制造,1
695,船舶电气项目工程师,装备制造,1
696,AOG支援工程师,建筑地产,1
697,技术服务工程师,装备制造,1
698,航空电气维修工程师,信息技术,1
699,海事技术专员,商贸服务,1
700,服务工程师-上海,装备制造,1
701,船用通风项目助理（设计工作和项目管理工作）,装备制造,1
702,机械工程师（26届校招）,装备制造,0
703,机械机电材料工程师,装备制造,1
704,船舶审图工程师（船体结构）,装备制造,1
705,安全服务工程师(J10022),装备制造,1
706,监理工程师（船舶）,装备制造,1
707,船舶检验师,装备制造,1
708,Technical Expert 船舶技术专家,装备制造,1
709,飞机维修工程师（上海浦东）,建筑地产,1
710,Port Services Engineer 技术服务工程师（大连）,商贸服务,1
711,船舶工程师,装备制造,1
712,船舶审图工程师（总体/稳性）,装备制造,1
713,机场运维岗,商贸服务,1
