,count,mean,std,min,25%,50%,75%,max,中位数,变异系数
salary_mid,711.0,10314.9,15353.46,1000.0,6000.0,7500.0,9000.0,160000.0,7500.0,1.49
DTS,711.0,0.49,1.24,0.0,0.0,0.0,0.0,10.0,0.0,2.52
GCS,711.0,0.4,1.04,0.0,0.0,0.0,0.0,7.0,0.0,2.61
PBS,711.0,1.69,1.38,0.0,1.0,1.0,2.5,9.0,1.0,0.82
PES,711.0,0.81,0.91,0.0,0.0,1.0,1.0,5.0,1.0,1.12
SKILL_TOTAL,711.0,3.39,2.47,0.0,2.0,3.0,5.0,13.0,3.0,0.73
EDU,711.0,0.08,0.57,0.0,0.0,0.0,0.0,5.0,0.0,6.86
GRF,711.0,0.42,0.58,0.0,0.0,0.0,1.0,3.0,0.0,1.37
welfare_n,711.0,10.58,6.51,0.0,6.0,10.0,15.0,25.0,10.0,0.62
