变量,系数,稳健标准误,t值,p值,显著性
const,9.1419,0.0683,133.765,0.0,***
DTS,0.0143,0.0154,0.928,0.3532,
GCS,-0.0359,0.0243,-1.479,0.1392,
PBS,0.0178,0.0159,1.121,0.2621,
PES,0.0087,0.0254,0.34,0.7337,
EDU,0.0315,0.0289,1.091,0.2751,
GRF,-0.2511,0.043,-5.834,0.0,***
ind_商贸服务,-0.0552,0.0693,-0.797,0.4256,
ind_信息技术,-0.1095,0.0701,-1.562,0.1182,
ind_石油化工,-0.2282,0.0545,-4.185,0.0,***
ind_建筑地产,-0.2373,0.0889,-2.669,0.0076,***
ind_教育科研,-0.0818,0.1514,-0.541,0.5888,
ind_金融,-0.2826,0.1816,-1.556,0.1197,
ind_医疗健康,1.3336,1.6301,0.818,0.4133,
ind_其他,0.0369,0.0782,0.472,0.6369,
ct_合资,-0.0239,0.0998,-0.239,0.8108,
ct_国企,-0.1226,0.1045,-1.173,0.2407,
ct_民营,-0.1148,0.0525,-2.189,0.0286,**
